YR1988,YR1989,YR1990,YR1991,YR1992,YR1993,YR1994,YR1995,YR1996,YR1997,YR1998,YR1999,YR2000,YR2001,YR2002,YR2003,YR2004,YR2005,YR2006,YR2007,YR2008,YR2009,YR2010,YR2011,YR2012,YR2013,YR2014,YR2015,YR2016,YR2017,YR2018,YR2019,YR2020,YR2021,YR2022
596648044.692737,695530726.256983,764804469.273743,872067039.106145,958659217.877095,1083240223.46369,1245810055.86592,1320670391.06145,1379888268.15642,1531843575.41899,1665363128.49162,1722905027.93296,1873184357.5419,1896648044.69274,1962011173.18436,2044134078.21229,2254748603.35196,2359776536.31285,2469832402.23464,2677653631.28492,2843016759.77654,2553631284.9162,2453631284.9162,2637988826.81564,2615083798.88268,2727932960.89385,2791061452.51397,2963128491.62011,2983798882.68156,3092178770.94972,3276187709.49721,3395793854.7486,2610038938.54749,3126019385.47486,
2051236250.0,2253090000.0,2028553750.0,1099559027.77778,652174990.837304,1185315468.46295,1880950857.78702,2392764853.42107,3199640825.62258,2258513974.0968,2545964540.88383,3212121650.97755,3480355258.04122,3922100793.5403,4348068242.19512,5611496257.14231,7184685781.51876,8052077209.3737,8896074996.35876,10677324872.8286,12881352878.2501,12044205572.4342,11926926654.0521,12890760272.5584,12319834233.2904,12776224537.2743,13228147516.1168,11386853143.152,11861199830.8396,13019726211.7369,15156424061.9815,15401826080.5183,15162734205.2462,17930565118.8176,18882095517.8768
36275674203.2144,41464995913.9199,50701443748.2975,51552165622.4462,54239171887.769,55625170253.337,59305093979.842,65743666575.8649,73571233996.1863,78839008444.5655,75674336283.1858,84445473110.9598,104337372362.151,103311640571.818,109816201497.617,124346358066.712,147824370319.946,180617467964.602,222116541865.214,257916133424.098,315474615738.598,253547358747.447,289787452661.675,350666058379.85,384610125391.423,400218529748.128,414105366752.893,370275469571.137,369255326235.534,390516804029.952,427049432157.931,417989721742.682,349473015330.157,415021590687.543,507534921715.453
126890235049.092,76629728760.123,141352630146.731,189719984268.485,228778994288.214,236741715015.015,257440000000.0,258031750000.0,272149750000.0,292859000000.0,298948250000.0,283523000000.0,284203750000.0,268696750000.0,97724004251.8602,127586973492.177,164657930452.787,198737095012.282,232557260817.308,287530508430.568,361558037110.419,332976484577.619,423627422092.49,530158176673.789,545982375701.128,552025140252.246,526319673731.638,594749285413.212,557532317363.451,643628396190.388,524819898586.906,447754686715.081,385540406815.599,487227125385.641,632770284408.51
,,2256838857.60997,2069870129.87013,1272835453.42634,1201312829.27524,1315158636.67553,1468317435.20148,1596968946.23708,1639492444.76152,1893726437.26462,1845482173.02732,1911563668.85006,2118467913.37873,2376335048.39976,2807061008.69084,3576615240.41616,4900469515.07252,6384452070.74171,9206301264.17572,11662040703.8916,8647937090.63389,9260285762.09704,10142111812.3665,10619320692.8087,11121464429.703,11609513241.0754,10553337527.7745,10546136240.3952,11527458712.6187,12457940705.3088,13619290545.8131,12641698593.7908,13861409968.835,19502783987.8807
398637727.777778,438794788.518519,459470370.37037,481707407.407407,499281481.481481,535174074.074074,589429629.62963,577281481.481481,633729629.62963,680618518.518518,727859259.259259,766200000.0,826370370.37037,800481481.481481,814381481.481481,856396296.296296,919729629.62963,1022962962.96296,1157662962.96296,1312759259.25926,1370070370.37037,1228329629.62963,1148700000.0,1137637037.03704,1199948148.14815,1181448148.14815,1249733333.33333,1336692592.59259,1436585185.18519,1467955555.55556,1604770370.37037,1675403703.7037,1416348148.14815,1560518518.51852,1757603703.7037
236152526238.564,299875825286.858,311430632641.087,325981640935.417,325532426233.227,312138139404.16,322809408509.166,368140778140.778,401310823652.743,435613768959.97,399660855999.457,389389647825.542,415844972940.496,379357823192.53,395573025330.447,467497961560.862,614326362213.686,695305000206.729,747907432136.598,854427259166.209,1055686110665.53,928629769751.884,1148569537284.62,1398456161407.85,1546952690139.99,1576329690003.93,1467589901175.46,1350580336316.75,1206562910556.58,1326467487376.42,1428266513154.48,1392218527563.26,1326944627876.87,1552703151616.01,1675418665067.09
133339397080.129,133105805512.22,166463386179.354,173794177961.108,195078126721.763,190379720809.18,203535242741.838,241038283062.645,237250948791.266,212790348404.555,218259904401.956,217259147049.954,197289625479.906,197508773215.323,214394866675.24,262273631180.054,301457562038.541,316092273276.015,336280064332.411,389185571506.052,432051935642.945,401758735822.211,392275107258.677,431685217367.514,409401816050.531,430190979705.965,442584815286.027,381971148530.543,395837353031.51,417261151844.981,454991174096.094,444621176100.54,435225238000.43,480368403893.364,471400066091.247
162299103675.261,164221056511.057,205331747947.851,210510999409.333,234781652446.675,224721795708.955,244884129491.198,288025588396.278,279201433224.756,252708051420.839,258528339631.029,258245733221.468,236792460312.471,236746141604.37,258383599375.177,318082528506.588,369214712443.206,385714762230.039,408259840868.823,470922156309.453,517328087920.078,483254171097.812,481420882905.012,523330354138.137,496152879924.727,521791015247.064,535390200131.009,462335574841.484,476062757356.94,502764720556.358,543299066998.892,535865692402.342,525213067068.319,594351961634.487,578604103123.349
2616040480.57952,2615587729.97265,3101300779.08364,3135045586.20845,3356692508.3457,3199536459.58343,1895290638.27038,2379517975.75103,2586550594.03222,2447669100.46978,2804902369.20398,3389566710.90266,2968370087.46649,3190371079.81411,3622350065.5903,4740768141.265,5451688534.59524,6146353177.43367,6547419821.69486,7625722829.17892,9451435480.94322,9450696866.48276,10109619736.1442,12080295984.7682,12561015145.3925,13444300489.8634,13943016080.2646,11832159315.9778,12833363043.9719,14106955625.3571,15890066209.8959,16178161666.1334,17933606212.6294,19737616003.022,18884619613.4388
22555941176.4706,21988444444.4444,20632090909.0909,10943548387.0968,10350515463.9175,10832228507.2315,9697416974.16974,18991531542.7083,12294987876.3121,11316126257.5839,15031052200.5463,13627325461.1743,13245990274.4581,14183443861.6902,16403043849.8297,21144962058.2885,26157744752.7834,29868651533.1188,34380543845.3973,44432811756.4731,54480697770.0773,52023813557.8158,50754203890.7341,57735709913.8851,54290156342.3767,55844245263.8012,57159557804.6461,50828088835.9428,53987487124.3421,59343060705.828,66399602077.1693,68911930627.8977,70404359049.232,84061395658.221,89040398406.3745
3702393617.02128,3863563829.78723,4229787234.04255,4616223404.25532,4751063829.78723,5200266107.27717,5567553975.70316,5849468272.89759,6101861963.59179,6349202984.63326,6183777212.47778,6621010739.19607,9062898936.17021,8976196808.51064,9593510638.29787,11074813829.7872,13150159574.4681,15968723404.2553,18504760638.2979,21730000000.0,25710904255.3191,22938218085.1064,25713271276.5957,28776595744.6809,30749308510.6383,32539468085.1064,33387712765.9574,31050638297.8723,32234973404.2553,35473776595.7447,37802005319.1489,38653318085.1064,34621807712.766,39303403989.3617,44390820478.7234
2817900000.0,3062000000.0,3166000000.0,3111160000.0,3109000000.0,3092000000.0,3259000000.0,3429000000.0,3609000000.0,6332360000.0,6833220000.0,7683870000.0,8076470000.0,8317830000.0,8881160000.0,8870090000.0,9055290000.0,9836200000.0,10167250000.0,10618340000.0,10526000000.0,9981960000.0,10095760000.0,10070450000.0,10720500000.0,10562800000.0,11176100000.0,11672900000.0,11750800000.0,12253500000.0,12653600000.0,13058700000.0,9754600000.0,11527600000.0,12897400000.0
,,21650000000.0,18000000000.0,17037037037.037,16280991735.5372,14932024169.1843,13972676840.918,14756846153.8462,14128408565.7064,15222012660.4232,12138486532.0203,12736856827.9847,12354820143.8849,14594928109.4411,17825437482.8613,23141593073.9738,30210091836.8294,36961822468.2015,45275747157.412,60752177438.8895,50873181571.649,57231904542.8755,61762340943.0511,65685903570.4526,75527537703.1836,78812785767.7483,56454895054.6555,47723549319.0842,54725311690.0478,60031163987.191,64410112583.362,61371755326.2351,69673747131.87,72793457588.4367
320093360.27,369133890.705,549500000.0,599000000.0,693500000.0,751000000.0,771500000.0,818500000.0,851500000.0,868000000.0,914000000.0,975000000.0,1116000000.0,1163000000.0,1233000000.0,1298000000.0,1389500000.0,1461500000.0,1581000000.0,1696000000.0,1729000000.0,1680500000.0,1738500000.0,1819500000.0,1903000000.0,2029500000.0,2138000000.0,2210500000.0,2258500000.0,2286000000.0,2315000000.0,2416500000.0,2080000000.0,2491500000.0,2824081836.19867
1415100032.0,1501500032.0,1592400000.0,1634900000.0,1679900000.0,1820359900.0,1867160100.0,2030750000.0,2695390000.0,2932827000.0,3130748000.0,3324433000.0,3480219000.0,3680483000.0,3937228000.0,4186525000.0,4484703000.0,4868136000.0,6144000000.0,6767000000.0,6980000000.0,6656000000.0,6634526000.0,6312691000.0,6378188000.0,6465756000.0,6413988000.0,6654541000.0,6899911000.0,7142316000.0,7225977000.0,7423465000.0,6887147000.0,7127200000.0,7550500000.0
4597612362.09771,4715972853.37585,4867582597.52327,5343261959.67632,5643869230.99931,5734699040.65963,5981223290.32467,6715162198.52406,7396948397.53774,7925736318.63679,8497494138.07289,8285063959.43162,8397855937.46841,8141517339.15215,7905485146.44351,8082399991.29583,8773451751.5121,9549122313.39641,11451845378.6897,13120107738.8851,16674276979.4745,17339992193.7322,19649724655.5819,23963162969.3832,27084497481.9103,30659338885.6729,32996188017.3661,33000198248.9146,33941126193.9219,37508642170.767,40287647930.5355,40895322850.9407,36629843806.0781,40408208523.8784,43068885672.9378
307881930752.268,412990820287.42,464989098144.854,407729053018.907,390566561752.671,438299504463.02,546229749726.263,769333330439.52,850426432991.742,883206452832.811,863711007338.683,599642075039.049,655448188246.11,559983704075.658,509795270707.268,558233724160.742,669289321953.683,891633826582.606,1107626711436.44,1397114247287.58,1695855391816.48,1666996294324.76,2208838108593.19,2616156606734.51,2465228293862.62,2472819362259.0,2456043766063.5,1802211999555.59,1795693265824.27,2063514688761.67,1916933708404.16,1873288159000.64,1476107292036.59,1649622972159.35,1920095560995.06
1812757917.76463,2006165166.80754,2012131457.26644,2020583702.08323,1957000000.0,2063342117.03873,2151344901.30761,2216974096.35559,2363645403.47039,2498384129.66738,2817083478.34734,2951822204.54432,3059500000.0,3054500000.0,3106500000.0,3209500000.0,3444500000.0,3819500000.0,4217450800.0,4674007450.0,4784925100.0,4465657300.0,4529928300.0,4657699450.0,4610096000.0,4677248300.0,4696344350.0,4724691200.0,4832811750.0,4981588900.0,5097283200.0,5324250000.0,4671800000.0,4843800000.0,5637914514.6379
1264899288.27967,1233930279.03002,1440711459.411,1377374987.52052,1411917554.45482,1278781259.30117,851174357.309582,1115389673.9125,1007791126.56226,937741512.447574,967338390.360019,999477510.686632,916777282.651168,932648604.420575,996068145.608021,1142315522.1989,1272360516.62022,1337894379.62649,1461859762.62791,1699811293.2576,1993407886.56402,2067381663.75378,2142591539.43526,2437982706.57499,2510126509.99501,1691544110.6915,1894813389.88175,1695825714.2427,1825018144.46187,2072349974.15272,2220979144.52008,2221301350.75537,2326720902.35741,2516498412.31361,2382618615.3562
215540625298.982,208102666687.042,265771545360.201,268903256527.525,279917776400.299,272234456388.102,301376707849.169,352845006670.363,340101207919.03,294785659876.836,303456228792.493,297882566712.49,279209007352.669,286580125206.282,309299934075.77,362088305988.747,403914244451.966,418292704114.275,441619409123.416,490754683815.144,567273005013.434,554191679308.884,598851028906.58,715888126682.396,686420221557.99,706234937370.968,726537808338.0,694118186379.628,687895460902.713,695200833086.499,725562534363.895,721369112726.724,739913619797.445,800640155387.26,807706035351.75
26040052657.0843,29885218681.9835,33113525803.8067,37835245155.9327,45964855773.9876,49298281355.6317,57008877553.41,73446446283.0164,78575020639.4728,85728899954.449,81995749804.4157,75596598517.3586,78249883995.6255,71517267767.736,70295232513.0515,76507853875.6649,99079365628.3333,122314960843.922,153840051814.059,172565861848.899,179663390874.653,171412643623.963,217105434199.5,251224856981.294,267175870677.659,277239473853.807,259405194672.935,242496655711.515,249298706449.182,276364936832.331,295402646018.151,278493308134.096,254096103516.324,316713577508.673,301025249437.947
312353631207.819,347768051311.741,360857912565.966,383373318083.624,426915712715.856,444731282435.515,564321876346.387,734484863889.36,863749314718.538,961602019650.615,1029060706187.88,1094010482677.39,1211331627479.0,1339400843164.88,1470557565965.51,1660280610709.71,1955346808095.44,2285961242869.55,2752118542130.4,3550327569655.47,4594336785737.67,5101691085625.95,6087191720866.69,7551545321799.88,8532185615746.62,9570470577244.86,10475624783235.6,11061573199439.7,11233314018690.1,12310491176727.3,13894907485398.9,14279968485748.0,14687743556969.6,17820459342451.2,17963170521079.8
10255169812.0186,9757410629.74456,10795850584.5874,10492628587.8592,11152971284.4479,11045760268.6156,8313557515.30312,11000146268.6884,18071152820.9832,18047558026.6049,19619654770.0679,18870992455.7304,16577533891.5688,16810537038.4139,18054383333.5221,21251754334.7999,23510575668.5588,24036918719.3374,25281413268.2525,28760090924.2666,34078240260.1872,33886813225.179,34936307964.3213,36693710822.2216,36302302844.0196,42760235496.3898,48843005625.0307,45815005170.6127,48407761031.6758,52512344033.9625,58522477744.7313,59898479821.1946,62982768371.5174,71811075954.676,70018715016.6967
8861299976.74158,9021862775.18112,9349764580.41173,9625436872.51075,8227343907.26679,10706259936.7425,5820382248.28202,5643439376.10491,5771454939.62404,6090840548.18784,6217806273.31082,4711259427.27273,19088046305.7971,7438189100.33333,8728038525.14034,8937567059.87754,10297483481.223,11964484457.5233,14451901696.3878,16737071816.38,19788515579.0498,18648372544.7984,21565721036.3591,25839749198.8233,29306235295.3371,32679745036.2659,35909040943.885,37917706485.5896,37134801548.836,38019264804.5125,47568210020.9338,51775829868.7669,48716961864.5378,55350968593.0597,58065953573.3247
39212550050.4223,39540080200.3938,47844090709.9908,49637993948.8402,58394443348.9332,66474101329.3543,81705497616.5703,92495970511.3951,97153389010.9466,106656492324.769,98486358604.1784,86278947620.5906,99875074935.083,98200641189.1568,97945812789.8533,94644969146.1352,117092416651.395,145600527535.771,161792959247.85,206229536757.674,242504150472.931,232468666665.153,286498534094.963,334966134865.305,370691143086.761,382093697077.685,381240864422.407,293492370228.847,282720100286.228,311866875135.576,334198218100.716,323031701210.767,270150956772.567,318511813576.972,343939445259.487
264308140.285149,267448570.271348,306890961.188801,319827058.592875,357160985.327413,490417389.682569,406580652.330537,487148993.533109,501979271.869894,490608657.924976,521910560.524868,592416703.058878,539227277.626411,563090488.854022,620507385.702206,813260468.873834,924940012.85542,972241682.104792,1107571459.02306,1649621735.41343,1959620652.50746,1852334581.47534,1824751459.69304,2046817974.90838,1913081206.32052,2028910915.16446,2041930125.42979,1749857628.40716,1849789992.74328,1996741544.61549,2205099509.15921,2266752197.42617,1878277311.2253,2091741774.10772,2314816792.06291
4614629898.40348,5251025767.47627,5711687786.75989,7196276092.461,8564041894.92938,9582868509.89998,10486787030.348,11578594259.8675,11678424507.2457,12614602382.2012,13684255946.5765,14254866281.1537,15013629658.6521,15976174336.9721,16578820687.2881,17271760506.9483,18610594846.2083,20040642476.9817,22715540324.3032,26884700345.0342,30801744881.0001,30745714326.9486,37658614803.2775,42762613705.7835,47231655433.4666,50949668885.9875,52016408923.9289,56441920823.7632,58847019584.9144,60516044623.4876,62420164964.6987,64417670555.7821,62395610764.0705,64616482167.7475,68380838316.2777
27458999472.2955,27023468665.8977,28645436569.1489,24316556025.6585,22085858243.2432,22367254864.8649,28448326756.7568,30429803651.2192,25017368700.0,25365908100.0,25736331200.0,28364615200.0,30565400000.0,31682400000.0,33590500000.0,35901200000.0,38203000000.0,42643836100.0,48835925925.9259,54262870370.3704,56302129629.6296,57481481481.4815,59562962962.963,68990000000.0,73141000000.0,77148000000.0,80656000000.0,87133000000.0,91370000000.0,96851000000.0,100050000000.0,103428000000.0,107352000000.0,,
,,,,,,,,,,,,,,,,,,4200288282.10157,4466278030.59167,4585948969.33223,4281714618.03238,4156841163.77763,4186073160.18253,4291004485.56803,4405796081.15984,4562853582.32463,4708167255.28727,4909322200.00212,5166281293.18715,5530178498.90783,5941896599.57333,5647224973.03878,6028373541.47434,
4278792597.23965,4563482603.5503,5591130217.66965,5770197348.48485,6912150456.32334,6590291048.29211,7425703928.57143,9933133247.08926,10011918444.1656,9547818700.11403,10248617647.0588,10497908306.3646,9985844486.33365,10397897085.6102,11420227884.6154,14547325028.3126,17320552500.0,18433411267.2553,20072786350.5206,23968764029.5647,27844698989.3072,25945391775.4932,25799940416.0173,27641551809.0956,25047433099.5891,23959708956.2928,23225912183.4988,19909269064.8473,21046452117.3765,22946583375.5508,25597301190.678,25945194240.4544,25008266159.2479,28408064462.1856,28439052740.8561
,,40728950704.6176,29859921158.8696,34805013229.572,40866982340.1957,47850065328.9754,60145663258.8982,67388492013.5445,62180519005.944,66807498696.3502,65173036730.6204,61823494487.0363,67808695573.681,82196206089.7585,100090467581.268,119814667457.855,137143375920.47,156264210926.177,190184113270.15,236816948159.718,207434296805.33,209069940963.177,229562733398.948,208857719320.649,211685616592.931,209358834156.329,188033050459.881,196272068576.338,218628940951.675,249000540729.179,252548179964.897,245974558654.043,281791218507.1,290923534700.518
1401233225303.49,1398967436804.33,1771671206875.68,1868945197407.19,2131571696931.75,2071323790370.28,2205074123177.05,2585792275146.72,2497244606186.64,2211989623279.95,2238990774702.68,2194945278872.59,1947981991011.77,1945790973803.15,2078484517474.51,2501640388482.35,2814353869359.08,2846864211175.1,2994703642023.53,3425578382921.58,3745264093617.19,3411261212652.34,3399667820000.09,3749314991050.62,3527143188785.16,3733804649549.06,3889093051023.45,3357585719351.56,3469853463945.63,3690849152517.69,3974443355019.53,3888226035921.49,3889668895299.56,4259934911821.64,4072191736089.51
395794538.630775,409220087.102818,452328087.282876,462421998.525779,478058304.871118,466048469.22986,491689220.744875,497723960.589913,494004647.73437,502675542.001227,514267869.300758,536080148.097299,551230861.856505,572417440.820162,591122039.601398,622044665.515049,666072101.777505,708633194.726566,768873684.032838,847918929.107984,999105339.267729,1049110684.72493,1128611700.3618,1239144501.77525,1353632941.5207,2042817162.85639,2214679081.25658,2424391785.43897,2604955228.70117,2762581334.22612,2913466732.12507,3088853638.56832,3181071153.6622,3372287461.80812,3515109075.46098
171106184.074074,185137242.962963,201429629.62963,219762962.962963,234059259.259259,245525925.925926,264374074.074074,274522222.222222,292285185.185185,302988888.888889,322411111.111111,331759259.259259,333470370.37037,340203703.703704,333196296.296296,343311111.111111,367200000.0,364255555.555556,390251851.851852,421374074.074074,458188888.888889,489074074.074074,493825925.925926,501025925.925926,485996296.296296,498296296.296296,520207407.407407,540737037.037037,576229629.62963,521551851.851852,554770370.37037,611537037.037037,504214814.814815,555266666.666667,612048148.148148
115552417468.553,112409606609.965,138248216614.801,139225595726.802,152914810032.913,143194762031.877,156163573390.254,185007982281.298,187633263192.748,173538719988.553,176991230634.23,177964167947.204,164157842126.821,164791096044.098,178634843165.633,218096916361.973,251374821136.171,264466895451.157,282885978374.285,319423375611.047,353358901702.046,321243301145.337,321995279401.502,344003137611.271,327148943812.137,343584391647.927,352993631617.708,302673070846.857,313115929314.339,332121063806.391,356841216410.068,346498737961.635,355222449505.211,398303272764.46,395403906582.001
5374300274.57321,6686593059.93691,7073675544.79021,9824483368.0088,11605382504.0,13081042400.0,14644734247.7401,16637370839.1608,18241622255.7141,20017449966.0857,21672215776.0144,22136579527.4994,24305781111.9057,25601824419.0385,27137441266.3355,21403168127.883,22322387609.8481,35777560474.8106,37879829854.7965,43965459071.0654,48122601589.7717,48261079523.8213,53860187452.3853,58029773802.3818,60681535894.481,62682158700.2885,67179956264.9383,71164826719.5026,75704647977.2591,79998045975.5137,85555390385.9812,88941371980.2651,78844655833.2194,94243426487.0833,113641857434.002
13051886552.3377,13890828707.6493,15239278100.3502,16988535267.6338,18094238119.0595,18938717358.6793,22708673336.6683,24432884442.2211,25226393196.5983,28162053026.5133,27981896948.4742,19645272636.3182,18327764882.4412,24468324000.0,28548945000.0,32432858000.0,36591661000.0,41507085000.0,46802044000.0,51007777000.0,61762635000.0,62519686000.0,69555367000.0,79276664000.0,87924544000.0,95129659000.0,101726331000.0,99290381000.0,99937696000.0,104295862000.0,107562008000.0,108108009000.0,99291124000.0,106165866000.0,115049476000.0
34980124929.0176,39756299049.9793,42978914311.3504,37387836490.5284,41855986519.4235,46578631452.581,51897983392.6453,60159245060.4541,67629716981.1321,78436578171.0914,84828807556.0803,90710704806.8416,99838543960.0763,96684636118.5984,85146067415.7303,80288461538.4615,78782467532.4675,89600665557.4043,107426086956.522,130437828371.278,162818181818.182,189147005444.646,218983666061.706,235989672977.625,279116666666.667,288434108527.132,305595408895.265,329366576819.407,332441717791.411,248362771739.13,262588632526.73,318678815489.749,383817841547.099,424671765455.704,476747720364.742
376160409941.437,414757056921.996,536558591250.408,577166174539.632,630916018202.503,525075636030.854,530562634455.347,614609020549.773,642588992512.807,590077272727.273,619214834614.099,634907542858.302,598363313494.903,627830029412.205,708756677088.629,907491523174.116,1069055675273.75,1153715822717.51,1260398977831.76,1474002579820.0,1631863493552.34,1491472923706.64,1422108199783.37,1480710495710.13,1324750738725.0,1355579535912.56,1371820537888.6,1196156971279.69,1233554967011.71,1313245330197.66,1421702715218.01,1394320055129.38,1276962685648.23,1427380681294.55,1397509272054.48
,,,,,,,4502970889.06373,4786018988.16491,5154420649.23354,5674080542.88575,5756912265.75809,5686579747.53524,6254649538.98487,7367975887.72723,9874013098.46432,12145911801.2422,14106790200.2239,17022870405.2189,22449129482.617,24341678628.9732,19633031397.6104,19523477325.6235,23213994093.4632,23019150071.1867,25115753366.1116,26634083965.0983,22890762090.1508,24072829276.775,26924385103.0662,30624720196.2285,31081901909.2151,31370395572.7653,37191166151.98,38100812958.5196
109058990760.483,119012054870.445,141438345513.917,127773856785.767,112532519246.084,89214114708.0254,103299943084.804,134189814814.815,132129174216.93,126912152101.707,134038718291.055,135264083658.688,126019543413.334,129533107311.811,140404460203.138,171652458349.411,197479443979.151,204885494686.381,217089269791.764,256378067752.158,285716311136.719,253497520828.515,249424310816.673,275604356167.318,258290060227.734,271362405890.591,274862826772.152,234534382384.766,240771351298.84,255647979916.473,275708001767.838,268514916972.544,271886077382.097,296387625263.561,280825957768.484
1110009264.06069,1182660000.0,1337017258.55191,1383883718.52673,1532411208.98387,1636101246.9394,1825732092.54674,1970301019.19887,2128696643.62574,2090221137.02876,1653146993.93502,1936459986.03795,1678219507.89829,1652462062.63884,1833279985.36741,2300492002.01302,2708078476.63012,2980403464.53066,3076305452.86506,3378314599.76402,3523185919.55826,2870624635.68032,3140167239.46869,3779412255.47694,3972028509.66449,4189968869.81721,4857103846.72985,4682480303.97469,4930213787.50451,5353468387.56019,5581425890.96651,5481692621.61125,4477030179.83128,4296235427.52339,4943248200.0441
1018847043277.17,1025211803413.53,1269179616913.63,1269276828275.78,1401465923172.24,1322815612694.0,1393982750472.59,1601094756209.75,1605675086549.56,1452884917959.09,1503108739159.44,1493151737698.46,1365639660792.16,1377657339291.34,1501409382971.38,1844544792036.86,2119633181634.37,2196945232435.8,2320536221304.7,2660591246211.77,2930303780828.12,2700887366932.03,2645187882116.73,2865157541994.19,2683671716967.19,2811876903329.05,2855964488590.14,2439188643162.5,2472964344587.23,2595151045197.67,2790956878746.61,2728870246705.83,2639008701648.21,2957879759263.52,2782905325624.52
3834503378.35525,4186411457.4569,5952293765.84484,5402919788.23153,5592390832.66829,4378645081.01769,4190819346.82143,4958845649.02823,5694039999.86528,5326817111.31062,4483417313.11823,4662992036.2073,5080483628.30574,5023265411.47748,5335451103.75569,6511903363.53884,7770219003.91662,9582783997.22141,10327598308.5297,12455409574.9408,15571348329.2279,12113699059.4581,14372593013.8124,18210307754.4426,17170464000.7824,17595744803.6041,18203966900.4404,14383107763.1182,14023890263.875,14929487495.759,16867326389.8696,16874405460.1964,15314577167.8199,20217946921.2063,21071739227.9428
910171030657.68,926926143222.19,1093213710428.01,1142766274398.22,1179713014951.83,1061457883633.55,1140443311074.5,1346252041210.47,1421711933486.21,1561715127635.22,1654996607708.19,1689407711357.04,1666048767079.76,1648765214387.0,1785781372553.92,2056704586736.55,2423047347028.45,2544813166100.5,2709978165671.04,3092996468387.23,2931683721186.75,2417565709974.49,2491397494467.95,2666403005061.42,2706340967030.68,2786315215249.95,3065223279583.79,2934857946213.47,2699659680997.2,2683488510504.04,2878152147315.82,2857057847953.02,2704609160088.15,3122480345924.54,3070667732359.21
,,7753501867.76095,6357615894.03974,3690328963.64086,2701181331.30816,2514070771.80273,2693768412.89179,3095047603.8083,3510520231.21387,3613498183.2136,2800026343.73636,3057475335.18846,3219462779.685,3395766677.67315,3991377904.13162,5125365191.98664,6410912049.87105,7745249283.88222,10172933118.493,12795147991.8388,10766919442.0789,12243219360.2985,15107482383.3798,16488819132.8835,17190068235.7892,17627336228.0536,14953675992.6704,15141598622.5692,16242647229.7398,17596922469.9152,17470436258.5131,15842922532.7202,18629365612.096,24605375420.0672
5197840972.6857,5251764269.91812,5889174833.90034,6603130039.87292,6416079341.97329,5968905678.89099,5446370114.57708,6464389656.21299,6932984635.632,6891433840.90915,7482072380.2381,7718110780.94815,4982849054.0291,5314871683.5223,6166197191.76694,7632720680.28119,8881419348.21705,10744562614.7479,20885042153.0199,24827333947.3782,28679383241.0729,26048726185.6746,32197648061.1663,39336668080.559,41271708599.715,62824629066.0408,54783320576.8882,49406014245.4296,56164933479.4044,60405920071.1024,67298913752.0241,68337974418.7681,70043095503.2503,79156409409.8581,72838798787.7066
2384295814.85223,2432029296.80623,2666750820.49987,3015058205.58401,3284620421.84712,3279096491.81869,3383092769.85285,3693710532.91191,3868968366.14337,3783700461.64359,3588375621.82568,3461282459.96593,2995361112.0538,2829435908.16305,2950198723.60858,3446441784.82252,3635458213.65962,2937071740.39148,4220019242.74824,6281917649.66709,6964179187.53836,6716904516.30084,6853467832.6761,6785137215.23269,7638045225.63676,8376613880.25749,8778473643.01989,8794202394.72245,8595955600.7877,10324668270.876,11857030366.4598,13442861496.5747,14177835840.8311,16091817842.2348,21227749388.7287
266672202.480435,284120331.64738,317083688.199874,690311093.172052,714254263.103249,755040935.022498,746493955.008434,785999879.720691,848239405.565637,803633368.735802,840285264.631545,814724055.898334,782913865.987568,687410630.457292,578235309.327198,487038679.355229,961900640.746364,1027701055.56871,1054112487.74083,1279703029.87257,1561766955.73024,1450142497.46262,1543294945.45714,1409693594.05748,1415004743.17939,1375609459.78172,1229461731.70458,1378176605.93705,1484578897.15783,1504909447.77459,1670671340.37966,1813609679.15313,1812170878.30632,2038414973.57173,2273060863.13981
164458120.318029,213143016.446378,243961995.512687,257150374.069711,226313443.749086,236880821.656388,235620043.500927,253966922.278198,270419779.418107,268551010.939623,206457553.398034,224446663.800548,371095522.049254,392621389.507611,417806651.119856,477458577.161635,532062894.801533,587029096.029113,592365659.824007,696910784.016302,868154627.869806,830126428.786134,849878489.113364,1099818591.95727,989271155.126905,1046087367.44973,1054915581.36774,1048229632.99726,1179004911.26075,1350177012.24771,1504630233.68639,1439638410.99593,1431758231.68287,1638517606.88578,1633559092.06611
76261277924.5736,79169043222.8284,97891092003.4394,105143232379.884,116224672863.783,108809059155.767,116601801966.292,136878365936.167,145861612400.906,143157600149.757,144428172489.335,142588875293.749,130457756628.436,136309295225.34,154564203586.954,202370140236.265,240963562236.127,247875422204.414,273546728473.073,318902829550.733,355908689477.445,331308500253.274,297124961971.508,282995942006.559,242029307133.408,238907690051.132,235458133124.604,195683527003.375,193148146586.938,199844406013.533,212049447242.107,205257014892.498,188925995936.803,214873879833.648,219065872466.25
898607670.624413,929799902.191124,1018977225.44427,1016500016.28505,1037916105.23293,927214127.934317,1005887592.03539,1208953358.99709,1197515637.92052,1072154406.78905,1149858126.95747,1131555107.04907,1068024993.98697,1086170638.72901,1169136691.35372,1558759744.20913,1822499870.64051,1849802648.36391,2013106816.66011,2249811364.54199,2499092396.11838,2529964060.53747,2503167187.49305,2684461607.93113,2609678694.94479,2684947140.1518,2842065877.15443,2499113085.48255,2707146783.13056,2851610655.92391,3055791340.7025,2997331094.25136,3082909157.60994,3235816195.06609,
7841602824.42748,8410724360.79545,7650196276.73508,9406135143.41165,10440781587.5435,11400018312.9302,12983233686.9938,14655404433.2771,15674835615.3139,17790026221.6139,19395491992.9939,18318412251.3642,19288928615.9382,18405221418.4665,20444205991.025,21576351798.9145,23577298589.158,26783388709.1786,29744247479.2443,33567850094.9993,38503718526.6281,37126146369.2608,40676579264.8401,46876004265.2386,49593926849.2429,52996447955.7632,57852150564.52,62186064718.7424,66053402744.7267,71653756504.1625,73328369925.8478,77172313916.4218,77715183063.2054,86053079767.3507,95003333381.1936
,,,,,,,,,,,,,,3394000000.0,3569000000.0,3869000000.0,4213000000.0,4238000000.0,4397000000.0,4658000000.0,4828000000.0,4949000000.0,4984000000.0,5265000000.0,5399000000.0,5610000000.0,5799000000.0,5901000000.0,6013000000.0,6056000000.0,6366000000.0,5886000000.0,6123000000.0,
59707404560.5944,68790222117.7576,76928784620.8158,88960001715.744,104272503148.988,120354207288.828,135811776884.01,144652289130.669,159718180108.942,177353167213.821,168885436391.806,165768095391.557,171668898538.944,169404327616.605,166348873240.942,161385558801.811,169099768875.193,181569303960.226,193535434591.37,211596953544.762,219278739753.002,214047795659.045,228638678536.952,248513617677.287,262628877166.217,275696879834.966,291459983449.58,309385622601.348,320860317562.562,341273289534.466,361731070995.726,363074560517.276,344943149590.058,368911387845.418,359838598806.091
5902717091.41631,5432344901.72414,4923009551.55642,4648668478.56753,4943700431.07368,4926728932.95069,4642280682.14252,5347445005.21376,5215028986.48649,5737099650.19011,6366340265.87888,6414520529.61672,7186638029.05875,7651162302.3456,7858255253.49986,8230391504.77427,8869299234.3377,9757012869.26168,10917476873.546,12361257680.5627,13881731630.9676,14587496229.1811,15839344591.9842,17710275997.4749,18528554861.0515,18499729063.4192,19756533658.0822,20979791685.416,21717604580.8627,23136248046.2979,24067750465.9361,25089937108.6681,23827859694.7921,28488721296.2012,31717700115.2546
2613926800.0,2736243800.0,3096289800.0,3473562850.28022,2257129873.67081,1878253818.08352,2167569095.12236,2813313278.81082,2907517543.35846,3338949151.59927,3723903723.63772,4153725966.88509,6813565983.11708,6331970412.88509,6205847136.98422,5071947797.98273,6087360734.56063,7030149790.93042,7638739123.54444,9228637766.24316,10432962724.7617,11597002929.7989,11859312627.0763,13008746038.8867,13708925402.937,14902488489.0545,15146883647.3766,14849629407.9546,14069277532.4999,15093357143.42,16403864521.4121,15016090929.8744,14508222518.158,20877414952.1236,20253551885.2146
,,,34753569692.915,38730585922.2189,40124916940.5945,43166678735.2183,46425677734.1435,46658765340.4375,47296961369.1014,48706794878.7711,49073373275.9379,47218411470.2538,53749989092.0197,67608919144.3684,85285075491.886,104120803140.221,113211158292.936,115715618613.052,140186691233.532,158325583917.574,131069277212.635,132175349953.713,141942264554.475,128814279315.132,135684315697.713,141033843265.669,125174166987.372,128609822750.039,143112196040.326,160565642983.587,164020460331.659,157227094449.074,182275444031.79,178788572067.589
84300174475.7955,94451427898.007,106140727356.675,116621996217.133,128026966579.964,158006700301.533,176892143931.505,202132028723.115,227369679374.973,215748998609.635,95445547872.715,140001351215.462,165021012077.81,160446947784.909,195660611165.183,234772463823.808,256836875295.452,285868619205.904,364570515631.625,432216737774.861,510228634992.258,539580085612.401,755094157594.248,892969104529.233,917869913365.243,912524136718.018,890814755511.291,860854232717.853,931877364033.902,1015618744168.15,1042271532953.36,1119099871386.16,1059054842711.72,1186505455720.81,1319100220389.02
296589677725.074,296042058867.01,320979026420.035,270105341879.226,288208066640.584,279295644530.09,327275583539.559,360281907854.994,392896860670.885,415867567334.185,421351318896.874,458820417337.807,468394937262.37,485441014538.638,514937948870.08,607699285433.872,709148514804.659,820381595512.902,940259888792.141,1216736448906.29,1198895147694.77,1341888016988.57,1675615502766.2,1823051829894.55,1827637579584.79,1856721494834.64,2039126469963.35,2103588347241.77,2294796889945.04,2651474263257.15,2702929639861.5,2835606242052.48,2671595389575.7,3150306834279.65,3385089881935.39
37772896220.7559,39238392677.7542,49305632408.4929,49787501584.4847,55918538121.3989,52417477613.676,57097656065.96,69139823232.3232,75790786290.3226,82856648758.3572,90199410115.5097,98893958262.6438,100207610429.909,109346669229.695,128596035288.401,164670771259.602,194372115041.065,211876989655.907,232180617162.279,270079279419.5,275447471451.063,236443115853.695,221913560882.372,239003132208.134,225628699652.993,238340859896.939,259170903647.532,291775166506.891,299091127524.513,336377500160.549,385736680797.111,399321701632.424,425852281928.114,504182603275.542,529244870222.765
123057861333.908,120496362916.271,124813263926.225,,,63743623232.012,71841461172.5964,96419225743.6737,120403931885.441,113919163421.155,110276913362.508,113848450088.351,109591707802.216,126878750295.944,128626917503.72,153544751395.43,190043433964.841,226452138291.542,266298911661.144,349881601458.56,412336172446.849,416397025729.361,486807616896.703,626133112211.111,644035512198.992,492775566435.176,460382791488.626,408212917871.725,457954614595.24,486630147094.69,327900695065.853,283649531542.631,239735486745.704,359096907772.985,388544468139.733
6106638182.38953,5672570277.78609,6468739130.22964,6909725408.11499,7080977636.41567,6218583218.06303,6389462322.04938,7123637088.75434,7426082270.67669,7569673903.96179,8503689103.93424,8982048417.30556,9025660361.75842,8234846522.85472,9318398443.55146,11429335645.2747,13825309101.2703,16852971986.5569,17465318552.2941,21652505596.7528,18074619561.7671,13154416196.7524,13751161917.7398,15221622925.9319,14751508133.5443,16125060515.3117,17867662177.8911,17517210519.0912,20793168030.9524,24728285177.4603,26260850582.0687,24663643101.958,21553080483.8132,25552639899.067,27841648044.3753
,,,,,,,104893245478.823,114507654661.382,118861100787.105,120057482023.381,120922450570.289,136034659581.426,134637422752.725,125059962957.686,131298954868.837,139973668874.271,147083996033.603,158670160184.179,184052885585.912,220529762562.362,211968128528.444,238364092298.023,266791854430.897,262282344091.849,297732778479.129,314330061977.263,303414276832.04,322102790386.835,358245427458.541,376691526553.276,402470513619.148,413267669231.522,488526545878.891,522033446211.625
891608957155.608,928661332204.347,1181222653522.95,1246220156079.29,1320161644933.23,1064958075550.63,1099216688280.5,1174662070605.02,1312426527795.21,1241879604365.62,1270052525928.4,1252446659833.79,1146676894209.73,1168023426056.38,1276769338449.3,1577621707050.51,1806542968545.56,1858217147203.73,1949551719389.64,2213102482751.46,2408655348718.59,2199928804118.63,2136099955236.72,2294994296589.51,2086957656821.6,2141924094298.57,2162009615996.51,1836637711060.55,1877071687633.83,1961796197354.37,2091932426266.94,2011302198827.41,1897210466667.52,2114355756913.92,2010431598465.38
3828342704.09708,4404938108.99142,4592208086.69235,4106207649.05547,3535460089.80719,5440075675.74067,5452558892.09715,6577520705.21268,7393891854.4065,8400041802.63506,8787195622.43502,8887058073.23537,9005064474.93003,9194727831.07318,9719009561.76107,9430234851.61584,10174664853.9476,11243865787.8079,11930179173.4168,12799600075.0407,13709401443.5016,12120458140.9424,13220549858.2014,14444661488.1296,14807086490.8533,14264205123.6886,13899225339.6917,14188938780.5039,14077105502.9175,14808984880.5796,15730791525.65,15830766372.2651,13812421859.4026,14657586359.3802,17097760745.2096
6277443443.29635,4221374898.29454,4160089597.13932,4344468256.71725,5310830589.54476,5606401570.32358,6236295978.24531,6727597031.96347,6927503526.09309,7245839210.15515,7912270803.94922,8149929478.13822,8460789844.8519,8975812449.11407,9582512830.86809,10195627644.5698,11411706629.055,12588998589.5628,15056981664.3159,17110442866.6243,22658730357.2361,24537876056.338,27133804225.3521,29524149154.9296,31634561690.1408,34454440140.8451,36847643521.1268,38587017887.3239,39892551126.7606,41608435915.493,43370860704.2254,44503005774.6479,43579916197.1831,45116317042.2535,47451499859.1549
3071683812149.66,3054913797217.03,3132817652848.04,3584420964070.07,3908808434705.26,4454144444407.9,4998797262443.29,5545564892181.15,4923393495138.77,4492449998031.88,4098362688659.34,4635982020564.97,4968359152795.66,4374709984220.01,4182845406488.62,4519563042183.73,4893116005656.56,4831466523975.98,4601662661030.07,4579749785984.82,5106679413137.57,5289493734900.39,5759071769013.11,6233147172341.35,6272362996105.03,5212328181166.18,4896994405353.29,4444930651964.18,5003677627544.24,4930837369151.42,5040880939324.86,5117993853016.51,5048789595589.43,5005536736792.29,4231141201863.17
,,26932729102.7371,24923076923.0769,24917355371.9008,23409260879.9427,21250792886.1054,20374302652.3819,21035357832.6977,22165932062.966,22135245413.137,16870817134.7297,18291990619.137,22152689129.5583,24636598581.0204,30833692831.3955,43151647002.6096,57123671733.8952,81003864915.543,104849915343.555,133441649221.732,115308687201.97,148047348240.643,192626464179.147,207998568865.789,236634603927.583,221415614007.347,184388404428.843,137278320084.171,166805788966.78,179339977517.062,181667185041.48,171082365723.326,197112255360.612,220623001966.686
8355380879.12955,8283114648.38116,8572359162.86876,8151488881.9683,8209120678.11342,5751786609.50323,7148148564.04239,9046320196.77295,12045865466.4343,13115764432.7232,14093998843.7334,12896010520.4958,12705350153.4012,12986007425.8781,13147736954.17,14904517649.8476,16095337093.8366,18737895400.78,25825512277.8911,31958195182.2406,35895153327.8497,42347217912.9176,45405615233.0693,46869473165.8905,56396704833.4676,61671440480.6895,68285796662.6532,70120446663.6256,74815143796.3978,82036511258.8324,92202979940.671,100378435824.178,100657505600.655,109703659312.872,113420008178.793
,,2675000000.0,2569444444.44444,2316562500.0,2028295454.54545,1681006993.00699,1661018518.51852,1827570586.16784,1767864035.71943,1645963749.83146,1249061487.01457,1369688498.06778,1525116370.27939,1605643104.73021,1919008090.49641,2211534585.0034,2460246796.05234,2834168893.27265,3802570572.37516,5139958956.02388,4690061344.16421,4794361821.20611,6197765941.67975,6605142864.372,7335033799.26212,7468102369.13654,6678177483.42949,6813095396.14317,7702938395.18458,8271106196.04253,8871019822.76098,7780873258.66887,8740681889.20633,10930644915.2401
,,,,,2533727592.04165,2791435272.26653,3441205692.9166,3506695719.57259,3443413388.6909,3120425502.58253,3517242477.2285,3654031716.26881,3984000517.02345,4284028482.53766,4658246918.27092,5337833248.03924,6293046161.83262,7274595706.67154,8639235913.17746,10351914178.2857,10401851766.8465,11242275288.5243,12829541141.0127,14054443213.4639,15227991395.2201,16702610842.4025,18049954289.4229,20016747858.3122,22177200588.6749,24571753581.7841,27089390032.8915,25872797892.0285,26961061152.2979,29956769529.428
44534439.3153157,44282893.8871154,42933307.6600826,47516824.0066421,47736260.8309293,46920900.8812969,54834548.934047,56336670.9104488,66517285.3643714,67538482.0911695,65333678.1499681,69034484.9833866,67253134.6144925,63099885.3082003,72197928.6223641,90231027.7755407,102370615.240641,112136227.796417,110237144.46042,132674795.880585,141045173.610772,132421058.945919,155305532.918999,180672664.758787,189629948.805386,184543103.721124,177868153.090733,170292283.246013,178507958.050329,188540699.145686,196501504.185186,175181684.792212,177553260.108828,227610034.764306,223352943.188404
199590823957.237,246927292765.02,283367525714.932,330648530715.211,355525267405.367,392666101884.959,463617399962.661,566583427334.137,610169556840.077,569754543829.957,383330931042.356,497512659612.052,576178114168.494,547658231279.87,627246081417.004,702717332012.991,793175007858.066,934901101762.491,1053216892422.02,1172614134912.05,1047339041903.85,943941876218.743,1144066965324.49,1253223044718.99,1278427634342.59,1370795199976.18,1484318219633.63,1465773245547.15,1500111596236.37,1623901496835.79,1724845615629.26,1651422932447.77,1644312785467.12,1810955871380.98,1665245538594.96
20690303615.1228,24313821169.1141,18427777777.7778,11010010088.22,19858555214.7239,23941391390.7285,24848483838.3838,27187006077.1252,31492419238.1984,30350207212.7622,25943736430.932,30122398833.1705,37718794714.1811,34889597791.4123,38135756834.1741,47874659167.9939,59439090600.6108,80798630136.9863,101557251976.794,114634060167.406,147379536212.138,105968538479.915,115416745328.985,154079870424.898,174048271288.151,174167626656.763,162650191195.358,114585567439.674,109406169162.833,120687635952.46,138202309918.726,136191752590.897,105948765156.029,136797422273.868,184558274288.737
598961269.297879,714046821.093797,865559879.284802,1028087972.31085,1127806944.61513,1327748690.12661,1543606345.11684,1763536304.53964,1873671550.34636,1747011857.33107,1280177838.71905,1454430642.49183,1731198022.45494,1768619058.34647,1758176653.07746,2023324407.30316,2366398119.8821,2735558734.81409,3455031447.60194,4223152219.2439,5446434031.69042,5836138127.06562,7131773632.71369,8750107401.57872,10192848926.2582,11983252626.8313,13279248478.8161,14426381187.0894,15912495368.8717,17071162084.4067,18141651381.3884,18740559554.1632,18981800705.0794,18827148530.0151,15724383783.2385
3313540067.93246,2717998687.71002,2838485353.96187,4690415092.53663,5843579160.90122,7941744492.1211,9599127049.9375,11718795528.4939,13690217333.2697,15751867489.4446,17247179005.5219,17391056369.2265,17260364842.4544,17649751243.7811,19152238805.9701,20082918739.6352,21159827992.0398,21497336498.9718,22022709851.5423,24827355014.66,29118916105.6053,35399582928.6236,38443907042.3217,39927125961.194,44016799515.8209,46880103080.6634,48095213746.4677,49929337837.0813,51147308773.9304,53027680685.8375,54901519155.6219,51605959131.3654,31712128253.7961,23131941556.7843,
6978371581.26375,6987267683.77254,8032551173.24014,9000362581.58086,9703011635.86585,10338679635.7616,11717604208.8223,13029697560.9756,13897738375.2488,15091913883.7091,15794972847.1683,15656327859.5696,16330814179.9766,15749753804.8344,16536535647.0834,18881765437.2151,20662525941.2985,24405791044.7761,28279802451.2714,32350238662.9452,40713826320.5023,42066223971.0169,58636160848.9497,67753284134.9913,70447217163.6167,77000578207.3909,82528535572.5429,85140955516.7505,88012281909.7522,94376237831.5778,94493871351.4217,89014978319.0703,84440535698.8207,88496535599.3564,74403578363.4355
470395904.054049,495409138.180352,596410302.16263,704325366.718393,831029813.140829,835582169.020455,878250862.834133,1001894000.27846,946112456.168268,998004330.90987,928460865.117733,912773656.150185,887291645.302466,825706961.238689,775777263.090784,1157825409.28048,1511236655.52047,1682343439.30976,1800092519.44933,1682025303.1603,1766820422.4798,1740835819.8008,2234731973.55119,2579421686.24912,2477702252.80078,2367113170.00373,2441063169.47922,2359754087.58169,2114426468.65681,2306741598.79677,2556247155.56945,2436029587.61009,2117736527.79886,2373416268.51107,2553459762.7992
9418167855.18376,10037674037.674,12778792853.6939,13834219728.293,15518702634.8808,15925521222.0149,17701798890.7644,20853093869.7318,20895314657.9805,19563836265.2233,20150053345.1878,21899317598.8414,21230182989.3036,21387533703.2327,23649833332.1655,29667268248.1305,35064843792.8993,37672280120.4794,42910146296.0646,51587401415.7872,58844277701.5258,54467289897.5582,56213985987.4181,61696281326.2457,59776383527.3602,65203276466.9768,68804811897.6434,60071584216.1375,62216885435.9505,65712180342.9842,71000359760.4599,69825641851.0104,73992591285.3017,85506243833.7816,82274812250.9186
2288761917.39621,2705665379.75616,3246481368.16,3765249711.09098,4914365394.52545,5665606114.80317,6311207515.64538,7046147442.13921,7176892950.39164,7267571196.45572,6797792474.19192,6547670439.26,6774193548.3871,6860272608.45211,7371692468.55849,8246479394.59577,10643253442.6232,12160056754.8373,14874098382.0863,18439981803.6347,21027018551.1485,21587786004.5882,28241799668.0086,36845887225.4296,43189724079.7668,51536592939.0332,54902831793.5018,45048188247.6458,45070807279.6288,50440935654.0075,55284309690.2698,55204960999.5882,25459685019.548,30123795336.8931,21979475560.6214
25705296183.5037,26314313191.1826,30179955995.515,32285573573.9185,33711069430.78,31655473663.8348,35604137422.5796,39030285468.3841,43161572352.9793,39147844526.0838,46497609536.2418,46266427862.751,43017455401.4244,43831480206.4535,47077192183.7329,58029361338.6298,66114147932.3903,68852655479.5601,75883820424.0845,86947909744.5993,101822906946.027,101154952243.015,100865325482.244,110080631330.061,106937397478.353,115739288446.799,119130845829.482,110413820681.034,111572946646.535,118540574727.552,127341141871.205,128920265075.525,121347533649.793,142866583124.696,134181587769.796
,,,,,,,1752979926.41489,1695122173.91304,1930081168.83117,1698717504.65549,1170782957.37443,1288429391.79951,1480673594.05602,1661818168.4226,1980907434.76826,2598249555.89984,2988342907.03096,3408255364.03198,4401173161.68327,6054824433.05825,5439434059.31996,6974982391.40094,8414351671.7241,8709138767.2078,9496717700.89855,9399833207.49341,7798692878.40136,7982450758.03213,9519053158.46404,11253727815.4762,11735774634.4239,11531967881.0624,13692230147.0588,14420947883.5979
168514513.375071,189514434.244,215043969.849246,244396761.92334,284875818.024126,322417837.161971,356014932.136461,398988954.970263,450382327.952421,508223602.378929,540096397.621071,589239753.610875,624337145.284622,870031653.109155,897031250.0,1052121054.6875,1226829562.5,1163362437.5,1575200390.625,1868383460.9375,2271646187.5,2345294875.0,2588176054.6875,2774350163.34773,2886163937.77963,3295009231.00739,3697353155.04883,4109416450.22514,4379134272.943,4754185598.8417,5300949822.99805,5609385433.592,3746329358.28788,5405557161.73799,6189865408.23158
181611150496.787,221403143240.479,261253660211.684,313139656145.745,363157793810.136,500733386969.941,527810631731.248,360072506961.293,410972976953.229,500416010941.521,526499723362.144,600233031001.064,707909864021.779,756702925694.04,772109710670.873,729335024013.225,782242912348.371,877476892365.264,975383402912.585,1052697085016.35,1109987401386.38,900047015737.995,1057800597973.65,1180487226406.78,1201093787127.42,1274443916251.64,1315356131262.48,1171870072962.76,1078493059306.95,1158912015259.01,1222405556421.13,1269009571610.76,1090514966785.91,1272838810896.09,1414187193992.25
2019474244.19359,2118574772.11136,2547163582.33149,2750041434.26295,3021910216.71827,2709178326.78271,2998570146.54095,3461332684.8249,3585755121.48642,3722389055.72239,3958227428.44513,4155187257.85622,4323339212.2281,4355146427.54937,4693495693.49569,5489359280.75566,6116591928.25112,6407287650.7897,6778321415.12985,7925403777.71694,9090376446.46258,8696304529.03584,9035819656.6669,9638733344.35806,9461826174.02344,10550968138.9413,11625843213.6076,11091467513.7109,11667976402.763,13489296992.0001,15298004130.4975,15881258056.2009,15046136935.4814,17743376199.3523,17765270014.7571
1392547742.82535,1674823310.86252,2036373522.68939,2137184858.04416,2216072577.11344,2809748387.09677,3821535779.81651,4879257847.77122,5759624742.26804,5633070602.54016,4613071494.63459,5643818689.479,6849321645.95623,6220270632.33592,6110632857.66584,7754647428.07323,9390855297.73553,10588433068.8549,11863016315.2934,15591182544.7092,23013015832.1023,29455165594.6859,37796052938.7278,54118601974.7947,58318677644.9492,60572257122.2962,63264892768.3726,63045306513.9317,60291738934.7768,61449391917.1276,67144726167.9294,68697761477.1809,78930259068.5275,65124769601.7482,59364362540.5524
3204461566.66667,3576966800.0,2560785660.0,2379018326.31579,1317611863.84977,768401634.154573,925817092.217484,1452165005.2384,1345719472.35883,1180934202.83801,1124440204.40161,1057408588.68269,1136896123.61298,1267997934.3125,1396555719.97409,1595297355.78349,1992066808.09598,2523471601.80211,3414055662.58063,4234999702.69446,5623216609.65069,4583850367.88972,7189482000.66686,10409797375.1152,12292770631.1967,12582122604.1921,12226514666.0404,11619892592.6599,11181350649.2247,11480847740.0839,13178094719.8612,14206359016.4014,13312981427.4023,15286441740.129,16810883360.913
2134513096.5249,2181935024.14244,2653485952.13319,2856889159.58616,3224265821.36824,3263363787.16599,3558143644.06071,4040342060.18334,4421952122.97703,4187375887.41175,4169672974.84855,4343708895.58505,4663321022.22673,4613637222.14006,4841310239.63687,5816559038.54545,6578840498.66931,6488743119.74298,7028810754.78164,8150150144.15635,9990356849.29491,9128843109.15588,10003670690.3497,11518413429.9684,11668696526.2252,12292974007.9361,13074130094.3723,12007291045.6489,12594155346.298,13713505998.0391,14735695930.9727,14436347115.2893,11401040995.9946,11476433603.7814,12898307089.1315
2008189638.9482,2314204989.72207,2737088195.94459,3206784402.38111,2618837532.19438,3013392429.85585,1719864761.30628,2033701542.3252,3319573821.89376,3875785863.38323,2547609562.74027,2584478943.60105,2537307566.12394,2498008653.13585,5087328437.8737,4669789300.35662,5058726350.48896,5320409651.47544,5818279739.14354,6451210219.11683,7743617352.21427,9009887946.82039,10128323010.6049,11648142958.3651,8773203178.16512,8031571927.62055,8801326169.14547,9219474373.16418,7909868618.46366,8943543677.18899,9880675785.93057,11025371147.1876,12056108780.2073,12602334123.7637,13164667626.9363
35272104730.5683,38847970073.3093,44024585239.6137,49143148094.2683,59167550162.956,66894966968.9736,74478356957.7808,88705342902.7113,100855393910.486,100005323301.867,72167498980.8398,79148421052.6316,93789736842.1053,92783947368.4211,100845526315.789,110202368421.053,124749473684.211,143534418452.154,162692260155.07,193549547954.753,230811591306.52,202257458160.849,255017645207.18,297951667650.449,314443061220.138,323276281683.441,338066121289.413,301354783698.72,301255332137.075,319109103242.055,358788833524.945,365177744321.011,337339463179.961,372981073017.749,406305924656.071
2495095295.18236,2535135314.27329,2789922033.09408,2996869281.48364,3429521498.98741,3251189247.70138,3666503185.43389,3978514206.31168,3989163041.92553,4154990250.56993,3873109748.79035,3868551624.85758,3922231976.43938,3557341284.0188,3349169932.3008,4926439274.97486,6609206506.34686,7248375216.59475,8001779551.06323,8839536893.68443,8607431845.19631,8938847363.87815,11431412421.1316,12523359440.5499,13042053856.9696,12043307277.1235,12435430396.1929,11335161230.1608,10722018975.0783,12895153160.466,13682019171.6627,12541928102.7657,10583748757.3345,12446290854.8973,12607436975.946
2280356194.14559,2179567111.0004,3512356508.47435,3285796877.19799,3386232582.4161,3052673843.8613,1938058176.41585,2302537562.69931,2405686938.76483,2290318908.81986,2643363520.93135,2537789819.37694,2241753192.71257,2448714703.09612,2782192880.69187,3394084731.48601,3760443735.45875,4383315967.49998,4756361253.33358,5731485046.0864,7297600218.92394,7352131304.39631,7851192498.77154,8772950783.02414,9426912639.20382,10224897440.9239,10862943546.2851,9683867926.72766,10398861980.6524,11185101444.3729,12808661487.4035,12916454870.5458,13744174582.2532,14915002098.4975,13969605582.5202
261910508417.884,258336705808.999,318330511920.61,327500327675.625,362962872180.451,353550169672.52,379130260322.073,452301674444.139,450490196078.431,416812740004.518,438008220395.468,447049523049.808,417479337444.707,431586852369.686,473861980070.981,580070360701.96,658380081545.175,685348181515.953,733955269898.823,848558887541.179,951869997864.062,871518638049.218,847380859016.688,905270626332.693,838923319919.531,877172824534.519,892167986713.708,765572770634.375,784060430240.101,833869641687.068,914043438179.591,910194347568.61,909793466661.466,1011798853062.0,991114635529.187
101900521458.037,102633934390.615,119791045690.118,121871665528.423,130838022522.86,120578717965.736,127131604641.39,152030652228.016,163519897878.102,161356612878.694,154230346261.264,162384295939.12,171456390281.958,174240242224.618,195915371987.697,229384929368.922,265267350723.204,309978579743.888,346913357588.358,402645550184.816,464917553191.489,387974344023.324,431052143940.438,501360549669.404,512777309840.997,526014468085.106,501736471832.848,388159512245.53,370956547619.048,401745275035.261,439788625883.8,408742840909.091,367633418886.627,490293364377.183,579267365866.343
3487009748.35638,3525225832.99053,3627560281.90505,3921476084.89072,3401211581.29176,3660041666.66667,4066775510.20408,4401104417.67068,4521580381.47139,4918691916.53516,4856255044.39064,5033642384.10596,5494252207.90502,6007055042.17687,6050875806.66403,6330473096.54071,7273938314.71988,8130258415.29215,9043715355.8881,10325618017.379,12545438605.3959,12854985464.0764,16002656434.4746,21573872273.6695,21703100746.8206,22162205045.9731,22731612827.3458,24360801338.0543,24524109484.7453,28971588880.8208,33111525182.7133,34186180694.9285,33433659223.1789,36924841430.0574,40828247302.4851
,,,,,,,,,,,,,,,,,,,,,,47562842.3658354,65071849.5751335,101055718.551503,94384979.0109467,99149259.8365624,84863407.8650093,97541914.5833045,109355653.690742,130995580.092154,125160081.80546,124685686.622889,145536603.234791,150922211.044258
45176423605.5945,43920222524.7085,45495129385.0475,42744828653.3514,41649386969.5133,46775038748.7573,55313381442.5437,63916899263.9355,70140835299.0148,66073130218.3528,56226503975.8201,58762260625.8758,52622954598.9299,53872463497.1703,66627729311.4495,88250885550.2626,103905628688.949,114720129550.095,111538810712.665,137188946865.584,133131369930.414,121373602348.679,146517541181.254,168291357111.739,176206659722.524,190906575136.003,201313497220.917,178064471137.921,188838342527.975,206556258844.567,211886686924.483,213091987153.092,212569779569.515,255551704625.831,247234053739.267
8386215864.75943,9372171651.49545,11685045513.6541,11341482444.7334,12452275682.7048,12493107932.3797,12918855656.697,13802600780.2341,15277763328.9987,15837451235.3706,13996914694.4083,15593456176.8531,19507452535.7607,19452000520.156,20142756046.814,21633708192.4577,24763712873.8622,31081991677.5033,37215779713.9142,42085379453.8362,60905452535.7607,48388363589.0767,64993498049.4148,77497529258.7776,87408842652.7958,89936020806.2419,92699089726.9181,78710793237.9714,75128738621.5865,80856697009.1027,91505851755.5267,88060858257.4772,75909397659.2978,88191977373.212,114667360208.062
38472742808.3167,40171105580.1973,40010423970.4576,45625336680.2047,48884672605.0356,51809999353.1614,52293471392.5867,60636071684.1918,63320170084.4076,62433340468.0228,62191955814.3478,62973856843.5739,82017743416.2841,79484403984.8849,79904985384.8652,91760542940.0717,107759683863.123,120055291992.938,137264061106.043,152385716311.916,170077814106.305,168152775283.032,177165547828.889,213587517187.669,224383544087.452,231218467669.571,244360858682.762,270556104886.456,313629998960.445,339205536454.445,356128167702.894,320909472926.461,300425609206.18,348262544719.247,376532751806.989
5902783400.0,5918469800.0,6433967000.0,7074675500.0,8042337700.0,8782585400.0,9365289800.0,9573813700.0,9870494000.0,10677286100.0,11575486400.0,12130252200.0,12304115000.0,12502013400.0,12994310400.0,13693981200.0,15013381700.0,16374393900.0,18141666300.0,21295984200.0,25155888600.0,27116635600.0,29440287600.0,34686224300.0,40429700000.0,45599900000.0,49921400000.0,54091800000.0,57907700000.0,62202700000.0,67294169234.6291,69721787532.9789,57086836942.4052,67406738051.7437,76522511780.6222
15439408447.2,22499559086.0587,26410386669.3532,34341465998.2003,35966302303.263,34832077220.8537,44882079766.8913,53312793687.3836,55252414130.3019,58147522522.5225,55501467877.381,50187324567.883,51744749133.213,52030158775.4055,54777553515.0809,58731030121.8671,66768703497.5687,76060606060.6061,88643193061.748,102170981144.136,120550599815.441,120822986521.479,147527631520.729,171761737046.585,192649991136.09,201175541637.441,200786240836.818,189802961890.097,191898127860.843,211007952315.888,222597030191.041,228325852220.761,201947603715.409,223717791482.577,242631549613.268
43152128958.6116,48513772976.7115,50508286641.5746,51784144314.5523,60422329031.6279,62036529909.6817,73159337838.4005,84644329824.7159,94648084429.0341,94106316500.6777,74492416329.9142,85640170314.8245,83669788254.7279,78921234457.5487,84307346432.1264,87039092438.9644,95002000250.4167,107419977968.185,127652927611.904,155980408072.596,181624627927.891,175974754207.575,208368892319.281,234216730703.65,261920542606.621,283902829721.261,297483553299.593,306445871631.969,318627003965.989,328480738147.1,346841896890.489,376823404772.837,361751145432.404,394087362017.318,404284327311.713
,,65977748210.5263,85500934319.1735,94337047232.8866,96043157272.862,110803635287.621,142293761469.151,160193242090.427,159358194732.094,174685791563.561,170030647848.034,172220451786.957,190905493539.168,199070432431.108,217828661056.935,255107275407.423,306145913284.466,344626630395.377,429020755432.721,533599853342.51,439731636116.949,475696613935.595,524374222547.901,495230574356.743,515762008468.811,539080532037.142,477111287969.227,470024559638.496,524641206562.004,588779850763.487,596058473058.766,599442783603.187,679441900610.663,688176605954.787
,,,,,,,,,,,,,,,,,,,,,,,,,,,,,,,,,,
56347250696.3788,60594092182.3275,78713860216.5659,89233599278.4792,107592098307.098,95009751901.2592,99688641304.3478,118122007430.012,122630089680.27,117016535162.95,123946327916.296,127470385557.184,118605192877.388,121604107164.997,134795565549.419,165226175536.793,189382122532.169,197253876704.921,208756449275.848,240496147317.381,263416394624.084,244667762835.543,238113003233.289,245117990242.249,216224240577.957,226433858005.716,229901964221.881,199394066525.44,206426152308.937,221357874718.932,242313116577.963,239986922638.897,229031860520.773,253982847571.015,251945377529.388
2723496362.17218,2731683490.22561,3320159522.5334,3410078974.21418,3713785776.28354,3544608541.0505,3676123796.00755,4186994271.30289,4166072830.02651,3762859109.39532,3903186594.70924,3911602000.29402,3599845481.64557,3573808550.51292,3965405556.55574,4927780605.25455,5564109988.14744,5705052111.28973,5877997996.95253,6631156410.68504,7136741397.50141,6584557942.40772,6086644790.8086,6203940049.22727,5692858093.84485,6031827089.12531,6151996534.96077,5325846341.7909,5497036486.74487,5833352684.45264,6135116260.64814,6022276207.18983,5731835679.23061,6080359305.28965,
6038187032.96703,6487912087.91209,7360439423.07692,6883516483.51648,7646153983.51648,7156593653.84615,7374450769.23077,8137911978.02198,9059340384.61539,11297802115.3846,10255495027.4725,12393131868.1319,17759890109.8901,17538461538.4615,19363736263.7363,23533791208.7912,31734065934.0659,44530494505.4945,60882142857.1429,79712087912.0879,115270054945.055,97798351648.3516,125122306346.154,167775268626.374,186833502362.637,198727642967.033,206224598571.429,161739955576.923,151732181868.132,161099122225.275,183334953818.681,176371267689.082,144411363345.27,179677131707.294,237295575171.103
40424526825.7903,41450779108.6724,38244330107.5469,28851673544.9961,25121666666.6667,26361131547.1224,30072880812.3245,37430238805.9335,36937074278.3004,35575197534.5787,41696111548.0676,35953162615.8563,37253738081.0669,40395114264.7811,46065502702.5817,57806382692.2057,74973660680.522,98454374488.2926,122023721512.528,174588782938.583,214317174116.581,174102268534.84,170029359010.667,192613558645.612,179132893143.417,189789277576.061,199713780259.318,177883897811.434,185287615324.922,210147181055.277,243316050520.725,251017797625.017,251362534092.315,285404683024.537,301261582924.085
554713455149.502,506500173960.269,516814274021.956,517962962962.963,460290556900.726,435083713850.837,395077301248.464,395537185734.854,391724890744.498,404928954191.876,270955486862.442,195907128350.934,259710142196.943,306602070620.5,345470494417.863,430347420194.66,591016690742.798,764015982495.676,989932059220.667,1299703459799.96,1660848058303.11,1222645887209.32,1524916698232.71,2045922727569.78,2208293528673.97,2292470104248.18,2059241582146.11,1363482179761.17,1276786344534.27,1574199355092.71,1657328764645.93,1693114993990.49,1493075887459.81,1836892075547.52,2240422438363.27
88256162068.9725,95344352823.6969,117630261604.888,132223257865.578,137087867284.342,132967891655.205,135174876355.656,143343025756.299,158662377388.989,165963594803.636,146775428759.278,161717040000.0,189514910222.667,184137517724.863,189605920240.516,215807655244.424,258742263029.008,328459700124.064,376900135720.729,415964583059.205,519796738631.128,429097899279.013,528207298529.872,676634577273.045,741849984943.256,753864543430.248,766605946720.427,669484381328.891,665999879694.192,714994694991.651,846583785179.856,838564705624.643,734271183954.88,868585871464.541,1108148978218.49
6418419392.52726,6366039362.80037,7390967361.65927,7255210474.43418,7769817847.278,7367986228.20805,5034588198.68019,6326342634.65422,6559712162.47057,6041478722.24648,6505607913.82443,6592834929.38994,6013185003.70967,6507824826.95024,7006402324.84511,8768721560.57422,10076816661.048,11009033445.2548,11697918245.3507,13994218399.034,16853989611.1933,16145867483.2198,16121315901.8117,17814283649.9367,17660870395.8103,18918667730.5417,19797253445.2673,17774766696.6987,19040312331.1615,20996562958.501,23116701539.5646,23403995984.9306,24530513058.5946,27569136728.2565,27684430244.4907
25371462488.1292,30465364738.6206,36144336768.7023,45466164978.2923,52131330700.4439,60603821967.4681,73688716390.6153,87812540788.4293,96293097894.9194,100123798454.007,85728224856.3725,86286866724.2229,96076521349.0621,89793815727.6029,92538355642.8848,97646382412.8729,115033570415.043,127807810333.769,148627255181.674,180941741377.766,193617346346.785,194150322022.092,239807921966.007,279356526366.334,295092839974.919,307576360584.992,314863580758.455,307998545269.398,319029973659.293,343272878686.388,376869585632.115,376837488316.973,348392174863.651,423796995372.726,466788539651.836
1055081242.2874,932978182.014388,649644812.644707,780098205.215036,679997997.597116,768812334.801762,911915970.683484,870758739.40678,941742152.709895,850218033.622007,672375927.347148,669384768.87263,635874002.198748,1074851475.17873,1236235826.58409,1369685676.56203,1430217080.66487,1627058706.47627,1862116164.80343,2126679686.06845,2451896681.91138,2419014960.19967,2578159479.90083,2932274241.9741,3789251962.27583,4920343203.30269,5015180836.19495,4252029353.82191,3862721204.61052,3719443317.52413,4085114542.06831,4076578653.54714,4062906363.55623,4249234573.98708,3970343852.31939
,,,,,,,16832598870.0565,21818007448.7896,25676487999.5941,19457979423.376,19388663551.0012,6875845986.52121,12960546471.3782,17120906918.3503,22482365321.7656,26141968161.0924,27683225959.2468,32482070360.3204,43170990616.4729,52194221468.5007,45162894380.9318,41819468691.8251,49258136128.9672,43309252921.0567,48394239474.6762,47062202241.4378,39655949731.3816,40692661657.284,44179075778.9267,50640662859.4987,51514242775.5241,53356484763.839,63082021205.9295,63501748652.2968
,,,,,,,,,,,,,,,,,,,,14586253383.0632,12231264525.0671,14602072410.9506,14907308932.7534,11931472169.4915,18426469016.9492,13962212847.4576,11997800760.2242,,,,,,,
,,12747380650.0762,14272201755.4704,15495514296.8042,16520676973.5301,20162936291.375,25840146405.2288,27925036755.3866,27706028095.6157,29856000671.216,30463670123.5931,29242558796.5507,30778781606.9575,35297794385.6863,46919965224.1497,57437444469.087,62808723476.719,70767338922.4411,86563986799.2505,100879902984.983,89399303222.155,91162836320.3524,99922685424.8842,94623731085.6106,98935222174.8611,101437045019.899,88900883130.8374,89952699524.8965,95649966260.981,106137924015.591,105710052464.625,106728917483.033,118656591909.266,115468803971.543
,,,,,,,21352224019.4096,21507232648.7252,20763101740.6963,22146231967.6861,22711384311.1404,20289627636.6767,20876309970.385,23489890274.3142,29634713641.0968,34414784504.2352,36206395970.6504,39481045038.2637,48067401207.3978,55779427739.6609,50567734885.9613,48208240226.4512,51583869785.1853,46577793184.0031,48415657264.8762,49997186439.0908,43107506024.3254,44766722790.5838,48589100043.0958,54177882425.8421,54331588482.3048,53706800043.6833,61748586534.8672,62117768014.8563
206988363594.82,217949132622.507,261846636897.068,274230545848.399,284319488252.297,212952606992.293,229034457106.495,267307061910.144,291745732990.835,268146349551.014,270810151170.431,274071242574.57,262834187366.578,242395011586.562,266848422377.999,334337040046.622,385118743610.143,392218701192.925,423090618042.966,491254769728.812,517706214656.407,436535921119.119,495812558843.31,574094112972.733,552483727282.802,586841821796.891,581964017237.095,505103781349.757,515654671469.547,541018749769.097,555455371487.089,533879529188.454,547054174235.876,636856236396.239,585939170123.856
692026606.934121,696921409.513751,1114694112.47478,1156135717.94598,1284759852.46684,1357189724.73828,1419294121.1812,1698989463.99106,1602741771.57434,1716714194.30934,1576908808.80611,1547888453.75789,1738093756.88208,1542477308.89408,1432221784.41501,2197598417.83694,2770082791.50412,3178112332.09377,3291329938.16407,3469381231.49049,3294084181.23708,3580427985.94816,4438765109.49036,4820478592.33503,4886551706.18441,4597552948.64649,4422986447.48958,4063245671.29285,3816019222.86268,4402969225.92165,4666598023.91856,4466214522.19539,3982236726.3678,4748702400.66283,4854167638.37388
301985636.80955,324333385.605606,392163560.879912,398307144.759003,461409398.855893,504230588.114201,517570058.151034,540733047.733048,535250347.089479,598967022.07205,647287375.762528,662838614.880674,654212432.437162,662064193.596574,742134792.367443,750847276.441706,893012218.181818,977899381.818182,1081441348.62605,1077308888.16317,979597364.9333,851064318.792141,981918002.869768,1059249939.59333,1089880668.37774,1324915221.7211,1387576413.85839,1391427967.33495,1458954109.81959,1529773286.49646,1587813245.28225,1645090567.04612,1183515397.64891,1286687873.18447,1588406479.15511
16574342984.4098,18609532293.9866,23904498886.4143,27756258351.8931,33107349665.9243,36860133630.2895,45086948775.0557,50866369710.4677,61546280623.608,66420400890.8686,70418173719.3764,72970334075.7238,80590022271.7149,86771314031.1804,90558485523.3853,95693808463.2517,112863340757.238,134203830734.967,153799910913.14,180030111358.575,218089977728.285,224561692650.334,252518218262.806,67539427670.9958,43190317724.7088,21361254647.9904,21502061462.2122,16468399180.3822,12598742886.9368,16369724433.2751,21496337967.8677,22600896352.1266,11159274040.2708,,
,,,,,,,,,,,,,358744800.0,366707900.0,409753600.0,485598800.0,578645800.0,721891500.0,773489700.0,862683600.0,703175800.0,686787800.0,728789600.0,727161000.0,754238000.0,841070000.0,942070000.0,1032452000.0,1022365000.0,1113178000.0,1197415000.0,924583000.0,1044778790.0,1138808881.1
61667254410.673,72250747142.1734,85343189320.7519,98234713407.7323,111452745855.989,128889262554.627,146683779608.917,169278918603.436,183035238433.438,150180454390.446,113675595413.496,126669212337.245,126392223203.461,120296476180.402,134300903357.962,152280616469.478,172895685509.275,189318407487.959,221758294724.764,262942624565.273,291382985568.988,281710629173.199,341104766329.17,370818735569.86,397558329541.972,420333659152.573,407339036017.221,401296242133.903,413366345843.744,456356812774.563,506754212432.991,543976695638.812,500457261548.076,505568057004.254,495340592811.188
,,2629395066.27017,2534720480.3244,1909246640.80838,1646693642.11088,1522018435.69536,1231567145.35508,1043654822.33503,921517486.662716,1320199581.52261,1086612582.89292,860541842.263697,1080772703.16128,1221106073.03073,1555318430.76621,2076176636.43428,2312352267.98721,2830213562.60217,3719524180.70289,5161299725.27673,4979471963.79181,5642221528.67114,6522755783.39257,7633036366.03492,8448410727.15443,9112606074.51713,8271431932.43678,6992416096.89018,7536403146.68377,7765000282.29397,8300813889.63698,8133963813.3329,8937805347.13963,10492123387.7931
,,,,,,,,,,,,367087900.0,477443500.0,469506700.0,490439100.0,440764600.0,462283600.0,453805100.0,542795400.0,648492700.0,726882400.0,881827800.0,1042411500.0,1160389600.0,1395519600.0,1447310400.0,1594447600.0,1650619400.0,1595724300.0,1563887900.0,2028551600.0,2158392500.0,3621222400.0,3163324631.03158
4496910569.10569,4323058823.52941,5068000000.0,5307905882.35294,5439552941.17647,4669491425.1222,4947181506.38931,5329217896.54571,5759570495.96598,5737771217.16915,6043687133.40846,6808982520.75759,8154342547.5637,8824849662.9616,9008297748.05893,11305459802.0683,13280292692.3489,15982388172.7158,18369361094.3886,21641620049.9352,27871587349.5413,19172165225.5015,22157919433.8752,25433008605.0407,27121712418.5349,28557451149.8686,29489012806.8905,26851970249.3032,23496215880.5212,23797686961.8447,24322359037.409,23849557811.3959,21059428846.0153,24460196270.1157,27899082337.3688
10096243800.7898,10101853518.0853,12290568181.8182,13074782608.6957,15496702219.8771,14608340459.4475,15633171728.3223,18030876599.3444,19587155099.3502,20746204100.7016,21802893587.126,22943202174.9668,21473522938.6803,22065840117.4661,23141611178.8428,27453895158.9433,31183893587.4103,32272178403.5147,34376664600.5898,38915343743.2934,44859452038.1178,43455740497.3061,46206091937.9628,48123314430.4878,47311411909.7034,48685436425.0946,50271812920.612,45779494041.9295,44360065796.6202,42163530590.9462,42686509835.5287,41905637658.6053,42538462678.1201,46687298709.3541,46664948951.6571
90853080152.2135,107143390749.858,150676194826.809,151041399039.068,159094972321.748,180421862247.805,130651877908.195,169319354340.48,181464650312.271,189878399894.643,275941726172.383,256395983758.49,274294842523.054,201753110088.579,240249005455.218,314595528425.307,408865358516.587,506314676837.415,557075996577.466,681321173796.053,770449308781.338,649289418603.013,776967457763.602,838785514058.562,880555912745.582,957798998031.277,938934430070.659,864313960482.343,869682954136.208,858988578709.755,778476714087.962,759934804372.319,720288811761.915,819034484303.169,905987824096.127
5100405344.39923,4420167588.57625,4258742898.93795,4956587901.61865,4601413521.13102,4257702021.44302,4510847189.15431,5255221043.83861,6496195823.96993,7683852496.84499,12270448546.3584,12711213451.034,13375976353.6994,13581644245.7352,14142035080.2849,15224257698.482,16675948414.7573,18399046025.2688,18649590248.2626,21843529024.9154,27961527622.7154,29081826158.6787,32014247547.5146,34657141720.6759,39650522645.9811,45680532613.7591,49964825081.1078,47378603783.6471,49774004999.2038,53275968094.8533,57003686049.4102,61026765850.3054,66068737757.2651,70655628140.5826,75709289056.4457
74703517902.6642,82709161099.1244,81393558423.4406,77350733982.4458,73945908383.7046,65648559903.0571,52549553403.0304,48213867647.4523,44558841762.3667,50151522612.0082,41882529044.5491,31580642102.4386,32375081951.1418,39309580983.2282,43956163612.0433,52010352502.0057,67220154164.3166,89238865118.5263,111884752475.248,148733861386.139,188110375778.931,121552148243.748,141209163012.941,169333838743.705,182591746211.418,190498811460.028,133503867181.971,91030968761.4155,93355868977.6619,112090503817.399,130891086689.522,153883045524.931,156617719786.254,199765856764.501,160502739236.097
8213526913.66289,8438946947.60228,9298806525.099,11206174799.5619,12878150209.9029,15002138240.0392,17474590050.7212,19297663096.5506,20515457255.7546,23969738387.6719,25385887785.5852,23983945190.6202,22823271520.8708,20898762265.2653,13606515935.952,12045638209.5112,13686329890.1191,17362857683.8545,19741420466.5393,23797773024.3992,31119603033.9891,32708318594.41,41950361211.9581,50342405198.2458,54232266358.7811,61337620935.5305,61496186973.902,57680328702.241,57480788380.312,65006047680.3225,65203071110.6037,62048585618.505,53666908479.5585,61412268248.9461,71177146197.4951
5236438000000.0,5641580000000.0,5963144000000.0,6158129000000.0,6520327000000.0,6858559000000.0,7287236000000.0,7639749000000.0,8073122000000.0,8577554457000.0,9062818202000.0,9631174489000.0,10250947997000.0,10581929774000.0,10929112955000.0,11456442041000.0,12217193198000.0,13039199193000.0,13815586948000.0,14474226905000.0,14769857911000.0,14478064934000.0,15048964444000.0,15599728123000.0,16253972230000.0,16843190993000.0,17550680174000.0,18206020741000.0,18695110842000.0,19477336549000.0,20533057312000.0,21380976119000.0,21060473613000.0,23315080560000.0,25462700000000.0
,,13360607990.6751,13677622222.2222,12941297376.0933,13099013835.5111,12899156990.6156,13350468917.4115,13948892215.5689,14744603773.5849,14988971210.8383,17078465982.0282,13760513969.314,11401421329.1974,9687788512.80184,10134453435.4603,12030023547.8807,14307509838.8053,17330833852.919,22311393927.8817,29549438883.8338,33689223673.2577,49765676402.4495,60178909297.208,67517349212.0609,73180037913.0325,80845385816.2062,86196264741.9423,86138288633.2241,62081322741.1228,52870108217.5626,60283503705.3907,60224701295.7983,69600614988.6039,80391853884.764
60226413793.1034,43536709104.0115,48606952194.7752,53453444786.6256,60416519619.7904,60037460783.4143,58418666666.6667,77389487771.5469,70543211119.099,85837678559.2469,91336763255.6157,97972842461.5131,117146466003.235,122911036746.163,92893587733.6549,83620628582.1082,112451400422.982,145513489651.872,183477522123.894,230364012575.687,315953388510.678,329787628928.471,393192354510.653,316482190800.364,381286237847.667,371005379786.566,482359318767.703,,,,,,,,
25423812648.5941,6293304974.59403,6471740805.56984,9613369520.41885,9866990236.43587,13180953598.1716,16286433533.3228,20736164458.9505,24657470574.7501,26843700441.5482,27209602050.0452,28683659006.7752,31172518403.3162,32685198809.2947,35064105500.8344,39552513231.0669,45427854693.2554,57633255739.4104,66371664817.0436,77414425532.2452,99130304099.1274,106014659563.143,147201164066.172,172595034069.162,195590647205.685,213708830776.947,233451484773.974,239258340825.533,257096001174.075,281353626107.245,310106472642.968,334365257920.289,346615750166.553,366137590717.804,408802379068.229
103976854738.412,108055603481.557,126048148261.474,135203698237.977,146956142398.778,147194766334.415,153512697970.738,171735933897.331,163234919052.67,168978069551.36,152982979945.103,151516952945.154,151752749926.331,135429908544.338,129087560694.625,197018960967.972,255806928394.811,288867202055.144,303858667884.835,333077117253.684,316131245860.682,329754054488.855,417363825016.286,458199486480.576,434400545085.811,400886013595.573,381198869776.106,346709790458.563,323585509674.481,381448814653.456,404158882459.024,388531226582.351,337619569570.511,419015636064.711,405869718462.343
